author,comment_date,comment_nickname,comment_rating,comment_rel,comment_time,post_date,post_id,post_time,status,title
den1s1,06-11-15,uterr,+1,8742791,12:13,2015-11-6,275391,10:47,ok,Отдаем отладку SAM4S-EK + программатор Atmel SAM-ICE за публикацию в интернете (акция завершена)
den1s1,06-11-15,den1s1,0,8742793,12:32,2015-11-6,275391,10:47,ok,Отдаем отладку SAM4S-EK + программатор Atmel SAM-ICE за публикацию в интернете (акция завершена)
den1s1,06-11-15,uterr,0,8742797,12:46,2015-11-6,275391,10:47,ok,Отдаем отладку SAM4S-EK + программатор Atmel SAM-ICE за публикацию в интернете (акция завершена)
den1s1,06-11-15,den1s1,0,8742801,12:49,2015-11-6,275391,10:47,ok,Отдаем отладку SAM4S-EK + программатор Atmel SAM-ICE за публикацию в интернете (акция завершена)
den1s1,06-11-15,uterr,0,8742803,12:52,2015-11-6,275391,10:47,ok,Отдаем отладку SAM4S-EK + программатор Atmel SAM-ICE за публикацию в интернете (акция завершена)
den1s1,06-11-15,IronHead,+2,8742795,12:40,2015-11-6,275391,10:47,ok,Отдаем отладку SAM4S-EK + программатор Atmel SAM-ICE за публикацию в интернете (акция завершена)
den1s1,06-11-15,uterr,0,8742799,12:47,2015-11-6,275391,10:47,ok,Отдаем отладку SAM4S-EK + программатор Atmel SAM-ICE за публикацию в интернете (акция завершена)
den1s1,06-11-15,NeoCode,0,8742805,14:22,2015-11-6,275391,10:47,ok,Отдаем отладку SAM4S-EK + программатор Atmel SAM-ICE за публикацию в интернете (акция завершена)
den1s1,06-11-15,den1s1,0,8742807,14:25,2015-11-6,275391,10:47,ok,Отдаем отладку SAM4S-EK + программатор Atmel SAM-ICE за публикацию в интернете (акция завершена)
den1s1,06-11-15,spot62,0,8742809,15:17,2015-11-6,275391,10:47,ok,Отдаем отладку SAM4S-EK + программатор Atmel SAM-ICE за публикацию в интернете (акция завершена)
den1s1,06-11-15,den1s1,0,8742813,15:21,2015-11-6,275391,10:47,ok,Отдаем отладку SAM4S-EK + программатор Atmel SAM-ICE за публикацию в интернете (акция завершена)
den1s1,06-11-15,spot62,0,8742817,16:52,2015-11-6,275391,10:47,ok,Отдаем отладку SAM4S-EK + программатор Atmel SAM-ICE за публикацию в интернете (акция завершена)
den1s1,06-11-15,den1s1,0,8742827,17:36,2015-11-6,275391,10:47,ok,Отдаем отладку SAM4S-EK + программатор Atmel SAM-ICE за публикацию в интернете (акция завершена)
den1s1,06-11-15,spot62,0,8742829,17:39,2015-11-6,275391,10:47,ok,Отдаем отладку SAM4S-EK + программатор Atmel SAM-ICE за публикацию в интернете (акция завершена)
den1s1,06-11-15,den1s1,0,8742831,17:45,2015-11-6,275391,10:47,ok,Отдаем отладку SAM4S-EK + программатор Atmel SAM-ICE за публикацию в интернете (акция завершена)
den1s1,06-11-15,spot62,0,8742837,17:52,2015-11-6,275391,10:47,ok,Отдаем отладку SAM4S-EK + программатор Atmel SAM-ICE за публикацию в интернете (акция завершена)
den1s1,06-11-15,den1s1,0,8742841,18:05,2015-11-6,275391,10:47,ok,Отдаем отладку SAM4S-EK + программатор Atmel SAM-ICE за публикацию в интернете (акция завершена)
den1s1,06-11-15,spot62,0,8742851,21:28,2015-11-6,275391,10:47,ok,Отдаем отладку SAM4S-EK + программатор Atmel SAM-ICE за публикацию в интернете (акция завершена)
den1s1,06-11-15,den1s1,0,8742843,19:02,2015-11-6,275391,10:47,ok,Отдаем отладку SAM4S-EK + программатор Atmel SAM-ICE за публикацию в интернете (акция завершена)
den1s1,06-11-15,spot62,0,8742845,20:41,2015-11-6,275391,10:47,ok,Отдаем отладку SAM4S-EK + программатор Atmel SAM-ICE за публикацию в интернете (акция завершена)
den1s1,06-11-15,den1s1,0,8742847,20:49,2015-11-6,275391,10:47,ok,Отдаем отладку SAM4S-EK + программатор Atmel SAM-ICE за публикацию в интернете (акция завершена)
den1s1,06-11-15,spot62,0,8742849,21:13,2015-11-6,275391,10:47,ok,Отдаем отладку SAM4S-EK + программатор Atmel SAM-ICE за публикацию в интернете (акция завершена)
den1s1,06-11-15,IronHead,+1,8742815,15:35,2015-11-6,275391,10:47,ok,Отдаем отладку SAM4S-EK + программатор Atmel SAM-ICE за публикацию в интернете (акция завершена)
den1s1,06-11-15,spot62,0,8742819,17:16,2015-11-6,275391,10:47,ok,Отдаем отладку SAM4S-EK + программатор Atmel SAM-ICE за публикацию в интернете (акция завершена)
den1s1,06-11-15,IronHead,0,8742821,17:26,2015-11-6,275391,10:47,ok,Отдаем отладку SAM4S-EK + программатор Atmel SAM-ICE за публикацию в интернете (акция завершена)
den1s1,06-11-15,spot62,0,8742833,17:47,2015-11-6,275391,10:47,ok,Отдаем отладку SAM4S-EK + программатор Atmel SAM-ICE за публикацию в интернете (акция завершена)
den1s1,06-11-15,marus-ka,0,8742835,17:51,2015-11-6,275391,10:47,ok,Отдаем отладку SAM4S-EK + программатор Atmel SAM-ICE за публикацию в интернете (акция завершена)
den1s1,06-11-15,spot62,0,8742839,17:54,2015-11-6,275391,10:47,ok,Отдаем отладку SAM4S-EK + программатор Atmel SAM-ICE за публикацию в интернете (акция завершена)
den1s1,06-11-15,spot62,0,8742823,17:30,2015-11-6,275391,10:47,ok,Отдаем отладку SAM4S-EK + программатор Atmel SAM-ICE за публикацию в интернете (акция завершена)
den1s1,06-11-15,IronHead,0,8742825,17:33,2015-11-6,275391,10:47,ok,Отдаем отладку SAM4S-EK + программатор Atmel SAM-ICE за публикацию в интернете (акция завершена)
den1s1,06-11-15,den1s1,0,8742811,15:19,2015-11-6,275391,10:47,ok,Отдаем отладку SAM4S-EK + программатор Atmel SAM-ICE за публикацию в интернете (акция завершена)
den1s1,07-11-15,Dark_Purple,+1,8742853,00:38,2015-11-6,275391,10:47,ok,Отдаем отладку SAM4S-EK + программатор Atmel SAM-ICE за публикацию в интернете (акция завершена)
den1s1,07-11-15,den1s1,0,8742855,01:21,2015-11-6,275391,10:47,ok,Отдаем отладку SAM4S-EK + программатор Atmel SAM-ICE за публикацию в интернете (акция завершена)
